0,SansHead,Default,,
0,HeartTeleport,310,320,,,,,,
0,CombatZoneResizeInstant,289,300,341,351,,,,
0,HeartMode,0,,
0,BoneStab,0,20,1,0.2
0.3,BoneStab,1,20,1,0.2
0.8,BoneStab,2,20,0.8,0.2
0.7,BoneStab,3,20,0.7,0.2
0.7,BoneStab,1,20,0.7,0.2
0.4,BoneStab,2,20,0.8,0.2
0.9,BoneStab,3,20,0.7,0.2
0.4,BoneStab,0,20,0.8,0.2
0,BoneStab,0,20,1,0.2
0.3,BoneStab,1,20,1,0.2
0.8,BoneStab,2,20,0.8,0.2
0.7,BoneStab,3,20,0.7,0.2
0.7,BoneStab,1,20,0.7,0.2
0.4,BoneStab,2,20,0.8,0.2
0.9,BoneStab,3,20,0.7,0.2
0.4,BoneStab,0,20,0.8,0.2 
4,EndAttack,,,
